Patient id	Name	Lastname	gender	Nationality	Adress	Department	phone number	email
74698	Victor	Garnier	Women	EN	44, rue de Gaudin 64441 Leblanc	Lot et Garonne	+33 (0)3 10 92 45 51	genevieve.picard@example.fr
47092	Constance	Guillaume	w	EN	947, chemin de Louis 60099 Schmitt-sur-Hernandez	Guyane	0308465583	.
8122	Lucie	Bruneau	F	DE	rue Lucie Hardy 87449 Dijoux-sur-Mer	Alpes-Maritimes	01 96 20 51 87	
19407	Chantal	Sauvage	women	German	278, rue de Perrin 73401 Jourdan-sur-Pires	Alpes-Martitimes	+33 (0)5 80 07 60 37	 
14426	Lucas	Aubry	Women	Français	6, chemin Albert 12338 Jacquotdan	Maine et Loire	0164292815	 
68129	Noël	Poirier	female	french	boulevard Dupre 67125 Marty	Alpes-Haute-Provence	+33 3 28 43 72 39	.
1954	Marcelle	Ferreira	Female	DE	479, boulevard Frédéric Paul 80 058 Pires	Seine-Saint-Denis	02 42 62 83 55	alphonse97@example.com
10238	Simone	Riou	m	Français	893, rue Brigitte Etienne 05 754 David	Lot et Garonne	0666539963	 
47653	Agathe	Gallet	Male	FR	5, avenue Adélaïde Samson 97 590 Dubois-sur-Mer	gironde	+33 4 24 85 82 02	 
9559	Claire	Collet	Man	Français	413, rue de Lefevre 21 386 Colinboeuf	Corrèze	+33 (0)4 29 03 90 47	-
38354	Éric	Laporte	women	fr	87, avenue Margot Etienne 64 527 Grondin	Gironde	+33 8 60 86 98 94	.
49658	Laure	Pereira	Men	German	rue Thomas 35993 Klein	Vosges	+33 2 11 27 56 19	-
81302	Benjamin	Didier	women	ENglish	8, chemin de Chauveau 80153 Charles-sur-Mer	Vosges	+33 4 31 77 68 75	bazin.edouard@example.fr
1172	Christiane	Leroux	women	Français	4, avenue de Regnier 12411 Aubry	Vosge		ugimenez@example.fr
16960	Franck	Martinez	M	Français	74, avenue de Peltier 92 167 Gillet	Lot-et-Garonne		.
45713	Marie	Pruvost	F	english	40, rue de Ledoux 47545 Bouvet-sur-Chevallier	Pas-de-Calais		zmeyer@example.com
44838	François	Valentin	f	FR	74, boulevard Suzanne Aubry 65485 Grenier-sur-Mer	Puy-de-DEme	+33 1 89 02 92 05	-
84636	Patrick	Peltier	Woman	french	20, avenue Renée Chauvet 17417 Huet-la-Forêt	Charente		-
18295	Théodore	Bouvet	Man	DE	27, chemin de Francois 24 260 Georges	Lot et Garonne	0835118583	martin02@example.fr
91487	Alice	Brun	f	FR	239, boulevard de Moulin 43322 Bodin	Puy de DômePuy-De-Dome	0634417866	
67510	Jacques	Guichard	women	english	909, rue Leclerc 82675 Guillou	Eure	+33 3 88 97 95 47	-
95966	Daniel	Menard	Woman	German	25, boulevard Bruneau 94564 Raymond	Eure	04 12 93 64 30	xdaniel@example.fr
44459	Michèle	Auger	Man	German	avenue Gilbert Langlois 52726 Garcia	Gironde	0499352104	capucine.rocher@example.net
16878	Daniel	Humbert	F	Français	62, rue de Simon 39 681 Gregoirenec	Lot et Garonne		-
84909	Alexandrie	Maillard	Male	french	chemin Valette 75890 Martins	Corrèze	0355654535	
6189	Nicole	Lebon	Men	fr	3, boulevard de Guillon 34 765 Delattre	gironde	03 75 31 59 58	salmon.jacqueline@example.net
62621	Marc	Boyer	men	EN	214, rue Guibert 47577 Colletboeuf	Seine-Saint-Denis	+33 1 98 02 01 74	 
14318	Eugène	Peltier	female	english	59, rue de Jean 33861 CouturierVille	Lot et Garonne		 
71802	Laurence	Gregoire	Man	fr	5, boulevard Ledoux 77 562 Le Gall-sur-Mer	gironde	0375215408	 
59950	Jacques	Guillot	women	fr	98, chemin de Lemonnier 04 908 Lelievre	Alpes Haute Provence	0586767998	manon.berthelot@example.com
11213	Brigitte	Launay	Male	EN	chemin de Berger 88102 Traore-sur-Mer	Tarn	+33 6 97 21 09 95	sdupont@example.fr
58066	Hortense	Levy	Female	ENglish	93, avenue Agnès Parent 60284 Lombard	Alpes Haute Provence	+33 (0)4 62 09 96 99	 
38208	Susan	Lelievre	Men	FR	rue Gregoire 54 660 Lucas-sur-Petit	Gyronde	06 85 46 72 95	-
87565	Michel	Brunet	f	french	32, rue de Becker 15 682 Gilbert	93	06 32 31 56 45	-
47101	Émilie	Regnier	women	German	73, rue Timothée Langlois 41 019 RenaudBourg	Pas-de-Calais	08 49 65 29 87	noemi74@example.com
75403	Guillaume	Rousseau	w	DE	31, chemin de Petitjean 02 156 Fontaine	Voges	0382044781	thierry.bousquet@example.fr
14883	Constance	Collet	Man	FR	507, rue Agnès Turpin 91363 Boyer-sur-Dos Santos	Seine-et-Loire	01 84 88 18 04	.
68859	René	Boucher	Female	french	rue de Lebon 35448 Lefebvre	Pas-de-Calais		kleclerc@example.fr
20843	Nath	Pierre	Woman	fr	12, rue de Peron 84 296 Gerard	Eure	05 21 66 46 81	-
75783	Victor	Verdier	Female	fr	77, chemin Louis 78 373 Navarro-sur-Blanc	Eure		.
20875	Victoire	Bazin	women	ENglish	28, rue de Grondin 32 668 Traore	Alpes-Martitimes	01 06 04 65 01	
90475	Léon	Mercier	F	FR	23, boulevard de Marin 31173 Cohennec	gironde	+33 (0)3 61 21 17 33	pasquier.olivie@example.fr
15605	Pierre	Bodin	Female	FR	56, boulevard Guillaume Fernandes 03 813 Turpin-sur-Laroche	Gironde	+33 2 00 59 47 94	 
85936	Jérôme	Huet	men	ENglish	56, avenue Laurence Ramos 72267 Pagesnec	Puy de DômePuy-De-Dome	+33 8 60 36 74 36	
59448	Marine	Bigot	Men	DE	rue Marcel Thierry 49 472 Meyer-sur-Carre	Lot-Et-Garonne		.
41566	Éric	Robert	F	english	84, chemin Ferreira 38 024 Hubertboeuf	Vosge	0525908514	
83880	Sébastien	Lemaitre	Women	ENglish	chemin Paul 15303 Boyer	Orne		 
94800	Marie	Joubert	Man	FR	59, chemin Andre 40 289 MarquesBourg	93	+33 (0)4 24 87 90 38	mercier.jules@example.fr
21009	Inès	Aubert	Men	ENglish	chemin Élise Germain 58192 BaillyBourg	Alpes Haute Provence	+33 (0)1 33 99 42 66	elodie87@example.fr
99593	Aurélie	Faure	f	french	6, rue de Philippe 45129 Joubert	Puy de D^ome		-
39412	François	Brun	Man	french	57, avenue de Da Costa 89183 LangloisBourg	Charente		.
13633	Mathilde	Collin	Man	ENglish	55, rue Aimée Coulon 70034 Dupont	Corse	+33 (0)1 14 03 03 11	emeunier@example.net
58012	Stéphane	Mathieu	men	EN	avenue de Jacob 93 853 Vasseur-sur-Mer	Seine-Saint-Denis	0323014861	gregoire.prevost@example.fr
4134	Valentine	Gaudin	Man	German	771, rue de Lesage 70343 Gilles	Guadeloupe	02 24 65 25 49	.
20306	Andrée	Legros	Woman	EN	24, avenue Suzanne Carre 60695 Pineau	Alpes-Maritimes		-
4434	Théodore	Vasseur	w	english	291, rue de Salmon 70077 Devaux-sur-Mer	Alpes Haute Provence	0457514026	aurelie62@example.com
86774	Augustin	Schmitt	Male	english	83, boulevard de Roux 80587 Maillotdan	Guadeloupe		-
21570	Anouk	Da Silva	Woman	french	44, avenue de Tessier 05754 MaceVille	gironde	+33 (0)3 91 52 93 74	-
44707	Guy	Toussaint	Women	fr	54, boulevard Guerin 86734 Paris-sur-Parent	Gyronde	+33 (0)4 67 61 85 93	
24651	Maggie	Berger	female	DE	21, avenue Audrey Colin 64 396 Adam	Corrèze	+33 (0)2 58 81 31 11	sebastien.martin@example.com
57182	Agathe	Marion	w	french	13, boulevard Colas 42 920 Pruvostdan	vosges	03 94 24 38 14	.
64441	Lucy	Guichard	f	Français	94, rue de Simon 55 566 De Oliveira-sur-Bourgeois	Manche	+33 (0)6 20 21 03 50	 
92121	Marcelle	Guillon	Women	FR	9, rue Emmanuelle Vaillant 98 642 De Sousa	Corse	05 53 75 93 29	 
93559	Victor	Hubert	men	German	96, chemin Brigitte Clement 38923 Gauthier	Voges		thibaut.antoine@example.com
32864	Gérard	Jacob	Woman	french	909, rue Valérie Germain 16619 Couturier-sur-Leblanc	Alpes-Haute-Provence	06 77 54 11 95	-
65319	Thibaut	Weiss	Woman	ENglish	avenue de Dupuy 94 808 Guilbert	Lot-Et-Garonne	+33 (0)3 03 89 66 62	-
26382	Rémy	Barre	F	french	boulevard de Morin 84 079 Boyer	Pas-de-Calais	+33 4 88 56 15 46	
8476	Richard	Barbier	F	french	17, chemin Le Roux 61901 HubertVille	Alpes-Haute-Provence	0885836630	.
15775	Diane	Giraud	f	fr	11, boulevard de Coulon 28051 Wagner	Voges	+33 4 07 10 63 21	 
59520	Jacqueline	Renard	female	FR	rue Xavier Roy 20612 Bernierdan	Vosges		
50318	Éric	Garcia	men	Français	4, boulevard de Brun 58546 FischerBourg	Puy de DômePuy-De-Dome	0338659515	-
88040	Sylvie	Brunel	Women	french	57, boulevard de Aubry 34255 Rocher	Alpes-Maritimes	08 16 13 82 74	dupuis.eugene@example.fr
17318	Nathalie	Millet	Man	DE	81, rue Faivre 66 583 Bertinnec	Moselle	+33 (0)5 64 95 86 13	
84614	Cécile	Pires	men	fr	36, rue de Le Goff 00841 Bouchet-sur-Paris	Lot-Et-Garonne	+33 4 26 38 89 90	-
61111	Frédérique	Mathieu	Man	EN	77, avenue Garnier 31 329 Evrard	Eure	0104698836	claudine.delaunay@example.com
1156	Michel	Bonnet	Man	FR	47, avenue Bouchet 97956 Caronnec	Alpes-Haute-Provence	03 06 94 88 46	.
92040	Aurore	Gregoire	Female	Français	7, avenue Laurent 48 701 Humbert-sur-Rey	Eure	02 32 99 04 56	stephanie54@example.net
49620	Josette	Vallet	Men	EN	chemin de Henry 33 987 Vallee-sur-Mer	Tarn		.
1928	Anastasie	Baron	Men	FR	679, avenue de Chauvet 90869 Joubert	Seine-Saint-Denis		.
6529	Richard	Jacquet	Female	fr	67, chemin Barthelemy 82307 Evrard	Alpes-Martitimes	05 95 47 18 60	.
38247	Marianne	Robert	female	ENglish	54, chemin Danielle Fabre 77 086 Guillaume-sur-Guibert	Maine et Loire	+33 5 93 33 93 65	.
24970	Inès	Baudry	Women	ENglish	8, boulevard de David 16 875 Mathieu-les-Bains	Seine-et-Loire	+33 3 12 88 31 11	-
91870	Gilbert	Toussaint	Women	FR	56, rue Nicolas Cordier 53 579 Huet-sur-Mer	vosges	0179185121	denise21@example.net
37220	Victoire	Bodin	women	German	974, avenue Gautier 80 203 Lagarde-les-Bains	Corrèze	06 37 30 78 86	.
465	Bertrand	Foucher	f	DE	93, rue de Ferrand 65109 Vincent	Lot-et-Garonne	+33 2 18 80 07 33	hoareau.emmanuelle@example.fr
43317	Jeanne	Perrier	female	Français	rue de Peltier 50378 NeveuBourg	Moselle	0646116246	.
15107	Martin	Gimenez	Female	FR	13, chemin Dorothée Laroche 26702 Le Gall	Manche	+33 5 85 32 94 30	xdupont@example.fr
2865	Juliette	Renard	women	FR	boulevard Antoine 55 212 Leleu-sur-Loiseau	Guyane	+33 (0)1 79 32 57 01	 
30896	Joséphine	Traore	female	German	82, rue Monnier 04 653 Baudry	Seine-et-Loire	0277323986	-
4965	Emmanuelle	Richard	female	DE	3, avenue Berger 18 371 Leroy	Lot-Et-Garonne	0480341863	 
65350	Pénélope	Delattre	Man	German	avenue Alphonse Leduc 71563 ChauvetVille	Alpes-Maritimes	0160888120	
30919	Roland	Lacombe	Men	German	58, rue Maryse Devaux 04284 Payet	Vosges	+33 (0)8 51 09 84 12	.
24033	Arnaude	Guillaume	female	ENglish	24, rue Hortense Launay 20 121 Boucher-la-Forêt	Manche	+33 (0)1 59 08 85 11	 
88764	Lucie	Morel	m	english	5, avenue Franck Maury 51 676 CollinBourg	Moselle	+33 (0)2 82 45 89 37	
96777	Marianne	Alexandre	Man	FR	3, rue Élise Lemoine 80 758 Besson	Seine-Saint-Denis	+33 (0)3 48 43 21 14	.
51512	Émilie	Launay	w	fr	416, avenue de Buisson 81889 Philippe-sur-Pasquier	Moselle	+33 (0)4 76 69 15 30	.
69178	Charlotte	Leconte	Men	EN	51, rue Joséphine Lombard 44791 Garnier	Lot-Et-Garonne	04 95 78 89 08	.
39045	Bertrand	Diaz	F	english	39, avenue de Aubry 71269 Bouchetboeuf	Alpes-Maritimes		-
82913	Luce	Giraud	Woman	fr	avenue Simone Perrot 89216 Gregoire	Eure	+33 4 60 31 58 01	fblanchet@example.net
2858	Alix	Duval	Man	DE	rue Nathalie De Sousa 45994 Francois-sur-Lebrun	Corse		victor43@example.net
71160	Emmanuelle	Arnaud	Woman	DE	268, avenue Constance Pascal 15 931 Launay-les-Bains	Lot et Garonne	+33 8 26 28 62 62	
66446	Sabine	Pages	men	EN	429, chemin de Auger 06 877 Teixeira	Alpes-Martitimes	+33 (0)2 78 96 48 14	-
74425	François	Joly	Woman	German	35, avenue Leconte 31 346 Navarro-sur-Lenoir	Eure		-
38661	Catherine	Fleury	Man	french	rue Chauvet 47 780 Valetteboeuf	93	+33 (0)4 61 82 86 25	avincent@example.net
39388	David	Blot	Woman	Français	chemin Thibault Leblanc 94162 SauvageVille	Lot-et-Garonne	0696257712	 
85824	Denise	Robin	Man	fr	378, chemin Philippe 65917 Chauveau	Vosges	08 62 23 41 73	 
31583	Laure	Riviere	Female	ENglish	85, boulevard de Fournier 47 444 Hebert-sur-Lebon	Lot-Et-Garonne	0661732037	 
34241	René	Marin	Women	ENglish	15, boulevard Anouk Delmas 13 913 Perez-sur-Rodriguez	Maine et Loire	+33 (0)2 60 25 26 24	da costa.jeanne@example.fr
8594	Nicolas	Jacquot	women	french	15, chemin Denise Jacob 86 532 Godard	Alpes-Maritimes	+33 6 97 95 57 36	julien.renault@example.fr
39965	Caroline	Courtois	Women	english	93, rue Fouquet 06 562 Bousquet	Maine et Loire		irodriguez@example.com
4784	Marcelle	Maury	M	french	avenue Françoise Deschamps 19345 Devauxboeuf	Moselle	+33 (0)4 05 36 00 81	
30798	Guy	Rossi	female	FR	rue de Marin 29531 Besson-sur-Ollivier	Tarn	0360839661	aurore73@example.fr
56384	Claire	Thibault	m	EN	87, rue de Chevalier 61 027 Bouchet	Ardèche		 
3512	Paul	Sauvage	Woman	FR	48, rue de Guichard 35672 Leblanc	Vosge		odette02@example.net
6981	Nathalie	Brun	F	fr	813, rue Arthur Torres 81755 Dumont-sur-Mer	Puy de D^ome		-
91829	Victor	Colin	m	DE	avenue de Pichon 27 932 Dijoux	Guyane	0127031262	
88218	Monique	Simon	M	EN	875, chemin Eugène Dupre 44 685 Munoz-sur-Mer	Alpes-de-Haute-Provence		 
97449	Pierre	Renaud	Male	fr	57, rue Joséphine Dumont 76510 Leger	Guyane		.
95465	Arnaude	Roy	M	french	99, rue Aubert 80002 LedouxBourg	Alpes Haute Provence		voisin.amelie@example.com
82360	Éléonore	Torres	Man	french	95, rue de Barre 27 076 Torres	Alpes-Martitimes	02 46 43 09 23	aimee.martins@example.fr
47139	Matthieu	Letellier	f	ENglish	25, rue de Noel 99405 Chevalierdan	Puy de DômePuy-De-Dome	0888027471	.
16980	Céline	Jacquet	Woman	Français	89, avenue Rousset 34085 Martins	Guyane	0289818613	 
11954	Henriette	Gerard	Male	Français	82, boulevard Georges 06 682 TessierVille	vosges	+33 (0)1 86 10 69 19	
84902	Marianne	Teixeira	Men	EN	330, rue Royer 47 461 Hardyboeuf	Maine-et-Loire	0150440436	
99529	Patrick	Pruvost	w	FR	66, chemin Le Roux 76 441 DelannoyVille	Moselle		benoit28@example.com
19459	Anastasie	Monnier	men	french	78, chemin Chretien 14 143 Colin	Charente	+33 (0)2 31 59 66 89	wrey@example.com
4542	Anouk	Hardy	f	German	40, chemin Pereira 58980 Diaz-sur-Ledoux	Pas-de-Calais		-
25233	Élisabeth	Dubois	Men	Français	52, boulevard de Masson 06 723 Legros	Seine-Saint-Denis	0183018316	-
4533	Susan	Guillaume	Female	DE	7, rue de Blot 57050 Lombard-les-Bains	Puy-de-DEme		-
21230	Josette	Gaudin	M	ENglish	7, avenue Catherine Duval 90 466 ChauvinBourg	Voges	+33 2 86 76 32 12	zoe.marchand@example.net
26191	Agathe	Payet	Woman	DE	34, boulevard Christine Pasquier 96 183 Foucher	Charente		
34730	Édouard	Alexandre	Female	EN	6, avenue de Delmas 25 886 Martinez	Maine et Loire	0818363827	
14858	Adèle	Arnaud	Women	french	502, chemin Camille Pelletier 42609 Blanchet	Alpes-Martitimes	05 07 88 47 78	.
45018	Grégoire	Lopez	Female	ENglish	63, boulevard Mercier 97 530 Texier	Alpes-Maritimes	+33 1 93 20 39 04	delaunay.thomas@example.fr
6954	Lucie	Joseph	Female	french	577, rue Richard 45 283 Guillon-sur-Lucas	Vosges	01 41 87 00 58	-
9062	Xavier	Descamps	m	FR	avenue Zoé Sauvage 80 180 Legros	vosges	01 53 76 42 99	.
98607	Suzanne	Lebon	F	fr	94, rue de Bousquet 44 997 Martel	Pas-de-Calais	0374914734	 
70300	Susan	Samson	m	FR	25, rue Besson 38 288 Gros	Alpes-Haute-Provence	+33 (0)3 09 69 93 56	-
72940	Jacqueline	Lemaitre	female	German	78, chemin de Bonnet 90431 David	Lot-et-Garonne	04 52 97 50 39	-
67404	Manon	Leblanc	Men	FR	748, avenue Moreno 66 004 Mace	Gironde		dcollet@example.net
30510	Marianne	Ruiz	w	ENglish	59, boulevard Philippine Masson 74 741 ImbertVille	Moselle	02 25 45 12 48	 
16403	Nathalie	Durand	Man	french	6, rue Pénélope Guillaume 24 320 Chauvin	Seine-et-Loire	0195083037	
97825	Henriette	Sauvage	Man	french	7, chemin Marguerite Laine 58361 Roy	Puy de DômePuy-De-Dome		chauvet.monique@example.fr
76091	Robert	De Oliveira	Man	EN	57, rue de Cohen 37 232 Giraud-sur-Martins	Alpes-de-Haute-Provence	04 01 51 92 98	-
76122	Auguste	Courtois	f	french	9, chemin Catherine Peltier 32007 Raynaud	Ardèche		-
66206	Alex	Remy	Man	FR	373, rue Thomas 80 675 Seguinnec	Vosge	+33 (0)5 89 90 53 55	-
29929	Sophie	Perrin	Woman	ENglish	39, rue Maurice Clerc 41082 MarquesBourg	Tarn		-
14032	Françoise	Neveu	women	Français	rue Gillet 12032 GuibertVille	Gyronde	+33 3 86 44 80 23	 
63055	Guy	Monnier	Male	DE	95, rue de Rocher 63 578 Faure	Guyane		.
99435	Lorraine	Brunel	Woman	DE	6, avenue Guillet 04760 Lesage	gironde	0560431890	roland23@example.net
88506	Timothée	Chauveau	Male	German	81, rue Rey 93159 Morel-sur-Dupuy	Gyronde	06 11 88 08 60	 
38601	Luc	Roger	Male	ENglish	297, avenue de Leger 68121 Rodriguez	Puy de DômePuy-De-Dome	0430091619	.
75263	Catherine	Bodin	Female	Français	910, rue Laurent Petit 02 258 Guyotboeuf	Pas-de-Calais		aurore.mary@example.com
5948	Étienne	Grenier	men	German	9, boulevard Leroux 74 630 Allainnec	Charente		 
56583	René	Regnier	Woman	fr	952, boulevard Garcia 19061 Regnierdan	Guyane	0692849060	 
72133	Timothée	Guyon	men	Français	784, boulevard de Boucher 80286 Parent	Seine-Saint-Denis		matthieu.bernard@example.fr
5813	Marcelle	Reynaud	M	EN	84, avenue de Lecomte 91 651 Martinez	Puy de D^ome	0405080753	 
74263	Isaac	Valentin	Male	english	rue Auguste Coulon 41063 GautierVille	Tarn	+33 (0)3 15 97 38 29	.
46273	Adélaïde	Carlier	M	DE	53, rue Raymond 44 533 Laine	Corse	0669188590	kbousquet@example.net
45698	Charlotte	Perrier	Male	fr	chemin de Blot 34673 Pelletier	Voges	02 66 38 23 04	 
67201	Élisabeth	Maillet	Men	FR	67, rue Pelletier 28 385 Bigot	Charente	06 83 88 68 98	.
34616	Jacqueline	Meyer	w	German	81, rue Antoine Hamon 69319 Gilles	Puy de D^ome	+33 (0)3 70 82 05 54	
33840	Marguerite	Remy	f	fr	3, boulevard Adèle Carpentier 70 423 Leveque	Lot et Garonne		-
81483	Noémi	Reynaud	Male	DE	457, rue de Charles 45 423 Mahenec	vosges	0426117997	 
81327	Édouard	Pons	f	FR	3, avenue Timothée Dumas 43901 Peron	Puy de D^ome	+33 1 10 54 31 78	gerard94@example.fr
75392	Marie	Antoine	M	FR	853, rue de Julien 90 824 Denis	Alpes-de-Haute-Provence	+33 2 51 02 42 10	pottier.emilie@example.net
81926	Michèle	Guillon	f	Français	70, rue Gregoire 11459 Leclerc	Seine-Saint-Denis	+33 4 00 96 89 05	xlaroche@example.fr
61997	Étienne	Godard	Female	Français	9, boulevard Antoine Gerard 89 886 Garcia-les-Bains	Corse	+33 8 93 91 33 28	.
88040	Bernard	Fischer	Man	German	913, rue Alfred Peltier 20346 Joseph	Seine-et-Loire	05 54 54 77 16	 
76075	Manon	Mary	F	fr	79, chemin de Guyot 81 360 Henry	Ardèche		
85992	Joseph	Monnier	Man	fr	9, rue de Delannoy 54967 Da Silvaboeuf	Alpes-Maritimes	02 67 71 53 46	.
68532	Isabelle	Laine	Women	German	66, rue Pottier 44461 ThierryBourg	Seine-et-Loire	+33 6 71 48 01 76	olivier.gautier@example.fr
58208	Noémi	Boulay	f	fr	avenue Margot Munoz 27341 Dubois-sur-Benoit	Gyronde		.
5931	Michèle	Collin	f	Français	71, avenue de Francois 47000 Collin	Guadeloupe		 
37874	Philippine	Adam	F	ENglish	42, avenue Marianne Hubert 87186 Gillet-la-Forêt	93		 
60057	Hortense	Gimenez	Man	french	24, chemin Morin 57 041 RossiVille	Seine-et-Loire	+33 (0)6 87 69 14 30	.
9799	Madeleine	Thibault	female	EN	55, rue Da Silva 93327 Valette-sur-Gaillard	gironde	+33 (0)6 62 77 56 05	.
88177	Étienne	Bonnet	men	ENglish	92, rue Lefebvre 19 792 Ledoux-les-Bains	Voges	02 81 61 19 07	.
46655	Philippine	Chretien	Woman	DE	59, chemin de De Sousa 14 971 Fleury	Alpes-Martitimes	+33 (0)1 75 61 24 05	alexandrie.samson@example.fr
22553	Véronique	Mahe	Man	FR	rue de Hardy 06 304 Levy-la-Forêt	Vosge	0433783802	 
34838	Marguerite	Ollivier	M	Français	rue Élise Breton 31700 Guibert	Guadeloupe	+33 (0)3 30 35 15 74	 
11578	Anastasie	Mace	Men	english	755, rue Andrée Descamps 04 196 Cordierboeuf	Alpes-Maritimes		 
35147	Françoise	Collin	Man	Français	281, boulevard de Adam 87342 Descamps-la-Forêt	Seine-Saint-Denis		
66856	Océane	Gillet	female	Français	1, rue de Leconte 39375 Aubry	Puy de D^ome	0135728610	.
83821	Sophie	Arnaud	Man	french	9, rue Pauline Leleu 25 547 Collinnec	Puy-de-DEme	0861174461	.
7244	Nath	Bailly	Man	EN	62, avenue Dos Santos 84 125 Bouchet	Alpes-de-Haute-Provence	02 83 95 48 30	 
43319	Laurence	Barre	F	DE	98, avenue Jeannine Maillot 50970 RegnierVille	Vosges	04 24 08 86 17	
66521	Claire	Mary	F	ENglish	97, rue Payet 63 839 Launay	Seine-Saint-Denis	+33 2 93 07 42 73	.
24537	Alex	Morel	M	french	45, rue de Marchal 52582 BlotBourg	Eure	04 79 34 27 59	
9889	Agnès	Renault	men	DE	8, avenue de Roussel 56 082 Neveu	Lot et Garonne	+33 (0)1 88 77 62 44	
57174	Aimée	Leconte	m	ENglish	boulevard Philippine Guillon 59 273 JosephVille	Pas-de-Calais	02 13 81 40 28	.
21183	Christelle	Monnier	Man	ENglish	67, rue Robert 75511 Blin	Vosges	+33 (0)5 14 59 65 82	-
75859	Olivie	Robert	m	FR	709, boulevard Isabelle Lemaitre 65 932 Fontaine	Corrèze	0292633554	-
20390	Marcelle	Fernandes	Man	french	96, avenue Agnès Ramos 01 652 Leclercq	Gironde	+33 6 89 29 81 47	 
23356	Arthur	Gaillard	men	english	chemin de Lesage 79994 De Sousa	Alpes-de-Haute-Provence	+33 (0)8 27 91 85 64	-
94398	Anne	Giraud	Woman	fr	boulevard Guillou 13309 Laroche	Alpes-de-Haute-Provence	+33 (0)1 71 07 12 63	-
89074	Paulette	Goncalves	Men	french	96, rue Carlier 18 623 Blot	Martinique	+33 5 24 70 37 37	-
19265	Suzanne	Giraud	female	english	68, boulevard André Pereira 65 586 Masse	Vosge	01 51 44 42 79	xavier10@example.net
32415	Nath	Dupre	Man	english	19, rue Maillot 84 027 Guyot-sur-Charpentier	Vosge	0802002862	
17997	Catherine	Olivier	w	German	rue de Blanchet 77884 Renault-les-Bains	Seine-Saint-Denis	08 30 72 54 82	-
42873	Benjamin	Noel	Men	DE	87, rue Paul 26129 Lacroix-sur-Mer	Moselle	+33 4 75 23 35 16	-
16438	Isabelle	Blanchard	m	FR	avenue de Bourgeois 62124 Morin	Gironde	+33 (0)1 50 67 74 74	thomas.gilles@example.net
16005	Antoine	Vallee	Female	french	76, rue Lecomte 65457 Boyer	Pas-de-Calais	03 10 47 42 10	 
21538	André	Richard	Man	french	9, boulevard de Evrard 03 788 Pires-sur-Dupre	Seine-Saint-Denis	0155337470	uramos@example.fr
66690	Chantal	Roche	Women	fr	497, rue Da Silva 62 218 Huetboeuf	Alpes Haute Provence	0837450128	.
88150	Jacques	Merle	w	EN	112, chemin de Garnier 95 371 Weber	Puy-de-DEme		 
75339	Margot	Carpentier	Man	french	23, rue Bourdon 65197 Lucas	Maine et Loire	+33 (0)2 28 06 83 24	
800	Céline	Lemaitre	f	Français	18, boulevard Aimé Carpentier 26 781 Guyot	Puy de D^ome	0430614739	 
84685	Benjamin	Duval	w	ENglish	9, chemin Pascal 67292 Julien	Puy-de-DEme	0431222803	mmichel@example.fr
50917	Chantal	Thierry	Women	German	rue Marie 43818 Le Roux	Seine-et-Loire	+33 (0)1 07 04 20 43	.
96596	Louise	Lejeune	Male	fr	17, boulevard de Regnier 85225 De Oliveira-sur-Mer	Martinique		
78002	Bernard	Barre	Woman	DE	8, chemin de Martinez 72380 TessierBourg	Ardèche	+33 (0)4 05 11 13 06	-
24470	Josette	Paris	Female	french	88, rue de Riou 13 874 De Sousadan	Maine-et-Loire		
87204	Nicolas	Rolland	Man	EN	42, rue de Chartier 13622 Chevallier-la-Forêt	Puy-de-DEme	+33 (0)2 28 75 03 29	.
95099	Éric	Hoareau	female	German	196, rue de Gallet 15 977 Da Silva	Pas-de-Calais	+33 (0)8 98 12 99 61	.
55051	Véronique	Duhamel	Man	fr	419, avenue de Bonnin 08464 Gomes	93		roy.nicole@example.net
17174	Vincent	Dupuis	women	ENglish	44, rue Chevalier 32 294 Bertin-les-Bains	Orne		 
35427	Amélie	Lemoine	w	ENglish	40, rue de Besson 06186 Valentin-sur-Besnard	Alpes-Haute-Provence		.
95850	Henri	Lenoir	Woman	FR	307, boulevard Marc Hardy 21 280 Dupuis	Vosge	0237509913	.
67040	Monique	Renaud	Male	Français	94, rue de Mathieu 56 526 Bernardnec	Alpes-Martitimes	+33 1 29 99 77 92	-
52940	Pierre	Chauvet	women	french	3, avenue de Grenier 78575 Salmon	Eure	+33 (0)2 20 85 32 09	levrard@example.net
51527	Denise	Jourdan	Male	french	4, chemin Bazin 48 151 Moreaunec	gironde	+33 2 96 48 42 06	
67771	Anne	Charrier	Men	DE	60, chemin Baudry 33405 Boulay	Voges		marty.olivier@example.fr
19821	Stéphane	Riviere	women	DE	31, avenue de Martinez 58770 Lebon-sur-Bernier	Orne	06 08 65 28 95	 
42527	Adrien	Richard	f	FR	60, avenue de Moreau 58096 Gaudin	Charente	+33 (0)2 05 06 48 45	.
44312	Laure	Didier	m	ENglish	5, avenue de Lefort 54 359 Colin	Gyronde	05 21 24 10 49	.
91029	Geneviève	Julien	Men	Français	avenue Michel 18 789 NavarroVille	Moselle	03 39 63 28 74	fabre.josephine@example.com
6048	Catherine	Fouquet	f	fr	403, rue de Marques 29552 MeunierBourg	93	+33 4 73 48 39 71	 
55869	Victoire	Ferreira	Male	french	53, rue de Gay 53 488 Techer	vosges	0523660250	.
45753	Guillaume	Gros	men	FR	765, boulevard Augustin Dias 60706 Legerboeuf	Eure	02 08 64 75 22	
75539	Aimée	Wagner	m	German	39, avenue de Jacquot 78 268 Lenoir	Corse		edouard.dubois@example.net
3593	Agathe	Brunel	w	German	63, rue de Germain 37524 Charpentier	Alpes-Martitimes	08 62 57 53 12	.
82512	Christophe	Auger	f	EN	958, chemin Fontaine 19 470 Gay	Alpes-Haute-Provence	+33 6 68 33 89 72	amaury@example.com
12116	Océane	Mace	F	french	90, rue Françoise Bruneau 01241 Vincent	Manche	0439269963	nbonnet@example.com
66156	Marc	Lopez	Male	EN	36, rue Colas 52664 Couturier	vosges	+33 5 01 51 28 83	-
59454	Alain	Picard	Man	German	chemin François Delattre 47110 Julien-la-Forêt	Corrèze	+33 (0)1 49 62 32 13	.
57920	Margot	Colin	M	FR	7, rue Cécile Bouvier 44496 Fernandes-sur-Mace	93		.
91543	Jeanne	Clerc	Man	fr	83, chemin Louis Meyer 35658 Lainenec	Moselle		gilbert.leconte@example.net
98677	Jacqueline	Martinez	female	english	boulevard Suzanne Albert 84 195 Roche-les-Bains	Vosges	+33 3 79 85 25 20	patrick.jacques@example.net
65026	Robert	Simon	f	fr	22, rue Hamel 16 801 Lemonnier-sur-Bertrand	Alpes Haute Provence		
8124	Anouk	Dupre	Woman	EN	44, boulevard Paulette Collin 34 797 Lucas	Alpes-Martitimes		 
99888	Anne	Bonnin	M	fr	7, rue Lebrun 23 841 Rousseldan	Tarn	+33 (0)1 39 20 50 60	clemoine@example.com
71886	Laetitia	Hoareau	Woman	english	20, boulevard Hamon 15398 Robert-sur-Gonzalez	Puy-de-DEme	+33 8 38 88 32 80	-
37587	Maurice	Durand	m	EN	85, avenue Dupuis 15 162 Paris	Maine et Loire	+33 8 86 14 97 24	-
80830	Philippe	Fontaine	women	EN	750, boulevard Coulon 50 832 CamusVille	Martinique	+33 5 61 85 60 94	-
69391	Gérard	Chauvin	Woman	EN	70, rue Michel 38 170 Samson	Guadeloupe	0563714175	-
55239	Alfred	Dupre	f	french	778, avenue de Garnier 74 198 Pelletier-sur-Merle	Alpes-Martitimes	0449025860	
83136	Marie	Chartier	women	Français	64, boulevard Petitjean 92 609 Godard	Seine-Saint-Denis	06 63 57 20 45	.
70141	Patrick	Roy	Female	french	652, avenue de Descamps 40 835 Toussaint	Seine-et-Loire	+33 3 62 37 44 81	.
89705	Amélie	Didier	Woman	German	80, rue Lefort 18 830 Michel-sur-Boutin	Charente	0209199367	-
15828	Brigitte	Fabre	female	FR	71, rue Faure 71 255 Grondinboeuf	Tarn	05 87 48 25 54	.
15829	Louise	Lemaitre	M	fr	chemin de Peltier 16 727 Rodriguez-sur-Mer	Maine-et-Loire	01 93 02 31 73	-
74330	Camille	Schneider	w	english	chemin de Berger 86 517 Gautier	Lot et Garonne		emmanuelle35@example.com
72239	Valérie	Berthelot	Male	fr	34, rue Corinne Payet 60 499 LevequeVille	Puy de DômePuy-De-Dome	+33 4 65 68 85 00	-
87992	Andrée	Leduc	f	German	61, rue Bourdon 23 960 Bonnin	Corrèze		.
70710	Monique	Neveu	m	Français	4, rue Marques 63104 Hubert-sur-Boucher	Moselle	0431024199	margot.letellier@example.fr
62533	Simone	Pineau	Men	french	81, rue de Potier 15054 Roux	Lot-Et-Garonne	+33 6 86 61 76 83	
54030	David	Begue	F	Français	63, rue Adrienne Thierry 58524 Chretien	Tarn	0853658019	
49981	Alex	Gomes	Women	fr	boulevard Dias 49565 Girard-sur-Schmitt	Puy-de-DEme	01 79 28 87 58	 
39132	Noémi	Ollivier	Men	FR	68, boulevard Foucher 99 892 MorvanBourg	Alpes-Maritimes	01 26 02 51 31	.
62799	Amélie	Blanchard	Women	DE	311, chemin De Sousa 15191 Rodriguez-sur-Riviere	Seine-Saint-Denis	08 69 69 05 50	.
15771	Claudine	Gautier	f	FR	75, rue Luc Rolland 13605 Joly-les-Bains	Alpes-Martitimes	+33 (0)3 88 90 66 96	 
83553	Émile	Le Roux	Woman	German	rue Cécile Gomez 87 100 Petitjean	Seine-et-Loire	+33 (0)2 19 38 23 58	adrien.traore@example.net
34026	Jérôme	Evrard	Female	fr	43, chemin daisy Guillet 92067 Blin-la-Forêt	Eure	+33 (0)2 76 00 10 76	 
86267	Julie	Gonzalez	F	ENglish	41, chemin Alexandre Maury 32860 Delmas	Tarn	08 71 42 35 73	-
84732	Martine	Bonnin	Women	DE	rue Juliette Legros 05 724 Lamy	Lot-et-Garonne		-
39928	Julie	Giraud	m	ENglish	731, chemin Foucher 45192 Pierre	Corse	01 52 52 38 27	oceane.humbert@example.fr
70708	Inès	Guichard	Man	EN	112, rue de Langlois 32 136 Adam-sur-Marchal	Alpes-Maritimes		-
41516	Roger	Jacquot	Male	ENglish	8, rue Céline Fischer 69 803 Brundan	93	+33 (0)4 76 94 44 80	-
25892	Noémi	Fournier	M	DE	27, avenue Capucine Diaz 36444 Costanec	Guyane	0307847388	 
1549	Hugues	Verdier	M	FR	7, rue Théodore Leleu 83509 Bernier-les-Bains	Vosge	03 79 00 79 06	maurice38@example.net
85401	Corinne	Texier	Male	english	chemin Traore 47 097 Marchand	Maine et Loire	+33 (0)1 79 86 35 66	 
61580	Valentine	Navarro	m	DE	8, rue Tessier 56 574 Marin	Lot et Garonne	+33 (0)6 10 21 86 38	.
63218	Bertrand	Marechal	women	German	87, chemin Daniel 63985 Marechalnec	93		philippine.rossi@example.fr
81362	Henri	Diallo	men	Français	4, avenue Becker 45403 Lebon	Lot et Garonne		
52723	Anaïs	Sanchez	Male	ENglish	53, rue Jacques Chretien 57212 Gallet	Alpes-Martitimes	0108325418	 
8204	Roger	Georges	Male	FR	chemin Bernier 21178 Francois	Pas-de-Calais	+33 (0)2 50 91 77 07	 
77549	Marianne	Chauveau	Man	German	avenue Foucher 51 205 TessierVille	Puy de D^ome		
58277	Georges	Besnard	f	Français	876, chemin Lopez 27232 Guillou	Gyronde	+33 (0)6 07 76 50 08	.
3755	Pénélope	Morin	m	DE	206, boulevard de Guerin 95281 AlbertVille	Alpes-Maritimes	08 68 79 11 44	.
28928	Sylvie	Langlois	f	EN	44, rue Delaunay 40941 Gaudin	Moselle	+33 (0)2 53 38 56 49	claude.raymond@example.fr
54374	Susan	Gomes	Male	english	950, rue Xavier Gomes 44811 Lebon	Puy de DômePuy-De-Dome	02 55 25 66 09	.
24520	Pénélope	Rey	Female	DE	rue de Lefevre 09914 Rodriguezboeuf	Pas-de-Calais	+33 1 30 95 80 58	 
12312	Sébastien	Mace	women	FR	66, rue David Maurice 19 188 Seguin	Lot et Garonne	+33 1 93 21 10 21	.
84189	Honoré	Arnaud	Woman	fr	6, chemin de Rocher 46140 De SousaBourg	Maine-et-Loire	+33 2 95 81 68 60	-
42492	Noémi	Martins	M	FR	1, chemin de Voisin 26271 Samson	Alpes Haute Provence		-
88780	Julien	Delannoy	Woman	German	262, avenue Josette Carre 56247 Andre	Guadeloupe	05 85 14 07 74	.
60783	Antoine	Lebreton	Men	ENglish	76, avenue Diallo 54745 Guillondan	Maine et Loire		
93130	Denis	Lucas	m	english	62, rue Sébastien Joubert 42 541 Maillard	Alpes-de-Haute-Provence	06 26 38 98 08	
42775	Martine	Hamel	w	fr	80, boulevard de De Sousa 24230 Moreau	Gironde		
29592	Raymond	Chevalier	women	english	3, rue de Pierre 34355 Laine	Corse	08 48 39 88 89	eugene94@example.net
35071	Alex	Poirier	men	fr	7, chemin de Verdier 27 266 Evrard	Puy-de-DEme	06 84 47 33 95	
81226	Augustin	Simon	f	Français	8, chemin Alexandre Thibault 18242 Dupont-sur-Mer	Vosge	+33 6 88 37 78 70	 
70075	Auguste	Tessier	Female	EN	157, chemin Monnier 81908 Evrard	Eure	+33 (0)6 59 84 63 63	
82346	Élise	Lambert	F	Français	104, rue Pichon 88 277 Jourdan	Lot et Garonne	0157893655	patrick.robert@example.net
44012	Margaret	Jourdan	women	Français	676, rue Didier 97 584 Hebert-les-Bains	Alpes-Haute-Provence	08 35 18 46 79	 
95168	Yves	Roussel	Men	FR	41, rue William Jourdan 31 594 Leroy	Maine et Loire	08 61 43 51 29	adelaide.launay@example.com
1547	Alfred	Gillet	Woman	Français	37, chemin Patricia Buisson 53 368 Bruneau	gironde		 
90816	Astrid	Bruneau	Woman	EN	93, chemin de Alves 21 374 David	Puy de DômePuy-De-Dome		lchauveau@example.net
79178	Caroline	Charrier	female	German	323, boulevard Gillet 25 905 Peltier-sur-Girard	Corse		berger.aimee@example.fr
5727	Martin	Perret	women	German	12, chemin de Verdier 35047 Briand	Voges	05 00 71 79 28	richard.thibaut@example.net
81011	Maurice	Ramos	men	EN	3, avenue Lemaire 86 453 Lefebvre-la-Forêt	Vosges	+33 1 89 51 64 75	christine.da silva@example.fr
99999	Emmanuel	Colas	M	french	9, rue Michel 05040 Rioudan	Alpes-de-Haute-Provence	0872345074	giraud.elise@example.net
98039	William	Guillon	Female	Français	7, avenue de Maurice 38 286 Rodriguez-la-Forêt	gironde		jerome39@example.com
11893	Jean	Couturier	Women	french	23, rue de Durand 45 948 Courtois	Voges	0275870945	emile.bernard@example.com
85244	Thérèse	Benoit	w	Français	51, rue Leveque 37948 Sanchezboeuf	Vosge	04 91 04 03 57	.
63365	Inès	Boutin	Men	fr	52, chemin Richard Dupuis 14279 Thierryboeuf	Martinique	0265084931	.
71223	Martin	Gimenez	Women	ENglish	rue Eugène Mace 43654 PottierBourg	Voges	0180703440	-
48599	Louis	Martinez	Women	ENglish	999, avenue Renault 97928 Roy	Lot-et-Garonne	08 30 82 55 61	.
15884	Roland	Gerard	F	english	chemin Grégoire Monnier 96726 Gomes-les-Bains	Lot-Et-Garonne		-
84227	Paulette	Lebon	Man	German	6, boulevard de Barthelemy 71 222 Lebreton-sur-Michel	Guyane	+33 5 56 34 53 34	 
68020	Élisabeth	Perrin	f	EN	85, avenue de Ribeiro 31 560 Gregoire-les-Bains	Ardèche		-
86614	Antoinette	Roussel	Male	German	912, chemin Brunel 73921 Marchand-sur-Colin	Corse	0436504936	duval.alix@example.com
59514	Édouard	Gros	F	fr	20, avenue de Guillet 44910 Renard	Gyronde	+33 6 64 35 74 64	.
61511	Yves	Fernandez	female	Français	755, boulevard de Dupuy 22 988 Perrier-sur-Mer	Corse		
691	Colette	Fleury	Men	German	rue Pires 88112 Blin	Lot et Garonne	+33 8 36 30 18 68	
18644	Frédéric	Bazin	F	fr	chemin Alexandria Salmon 18 288 Bourdon	Martinique	+33 (0)4 82 97 00 22	.
943	Anne	Cohen	Woman	fr	3, rue Suzanne Lemonnier 23677 MarinBourg	Tarn	+33 (0)3 27 73 47 98	-
48176	Chantal	Pages	M	Français	10, rue Maillot 32505 Pereiradan	Ardèche	+33 1 31 01 90 27	 
6031	Alfred	Andre	Man	DE	chemin de Adam 37518 Joseph	Puy de DômePuy-De-Dome		delaunay.simone@example.fr
86892	Guy	Benard	Male	DE	29, rue de Camus 71007 Alexandre	Tarn	+33 4 35 11 45 01	
6732	Alfred	Girard	m	FR	924, chemin de Grenier 89 157 Arnaud-les-Bains	Charente	+33 3 52 40 92 43	 
73844	Emmanuel	Royer	women	DE	3, chemin de Francois 87604 Roger	Martinique		.
96159	Zoé	Roussel	Men	Français	7, chemin de Lejeune 04 305 Morvan-la-Forêt	Gyronde	+33 (0)3 62 74 40 07	.
41463	Louise	Blondel	Man	EN	62, rue de Ferrand 64 560 Moreau	Alpes-Martitimes		
6383	Agathe	Gros	m	fr	42, boulevard de Normand 57983 Parent	Ardèche	03 76 25 30 90	edouard53@example.fr
1666	Monique	Rousset	women	fr	747, chemin de Henry 42594 Allain	Orne	0178164776	-
33544	Guillaume	Brun	Man	EN	529, chemin de Lefevre 64204 Barthelemy	Lot-Et-Garonne	+33 (0)6 01 86 17 21	
22740	Denise	Marion	F	english	503, chemin de Monnier 87 686 Brun	Voges	0555321064	-
32897	Léon	Tessier	women	ENglish	79, rue Frédéric Bazin 65183 AndreVille	Lot-et-Garonne	+33 8 47 79 80 11	margaret.levy@example.fr
56367	Aimé	Clerc	Woman	DE	rue de Ruiz 71 544 Gilles-sur-Mer	93	05 33 17 97 41	 
39455	Olivie	Ribeiro	Men	english	68, boulevard Lamy 57497 Huet	Puy de D^ome		 
67482	Maryse	Barre	Man	EN	30, avenue Marcel Giraud 20572 Blondel-sur-Mer	Alpes-Martitimes		.
46861	Christophe	Leblanc	F	FR	522, chemin Frédérique Salmon 46506 Le Roux	Seine-et-Loire	+33 (0)2 54 99 29 80	 
68182	Yves	Benard	m	EN	457, rue Diane Rodrigues 24890 SeguinVille	Alpes Haute Provence	+33 3 03 73 40 84	gomes.laurence@example.com
52877	Édouard	Rossi	Male	German	336, rue Besson 27530 Vincent-les-Bains	Vosge	0647347732	.
42130	Léon	Camus	Men	english	38, chemin Gabriel Valette 64255 Charles-la-Forêt	Tarn	+33 (0)1 98 06 98 90	 
91377	Jeanne	Martinez	Men	DE	86, chemin Chauvet 02 935 Besnard	Vosges	0560988087	.
90110	Claudine	Sanchez	Male	EN	99, avenue de Chretien 52 265 CaronVille	Seine-Saint-Denis	+33 4 41 58 90 82	-
27974	Jeanne	Daniel	Man	fr	83, chemin de Roy 55 081 Roynec	Guyane	+33 1 05 57 55 75	isaac16@example.net
85665	Antoinette	Ribeiro	f	German	96, rue de Petit 15 738 Bonnet-sur-Mer	Gironde	+33 (0)1 18 41 58 65	.
94675	Sébastien	Da Silva	F	fr	435, avenue Gabriel Lambert 77433 Francois-sur-Mer	gironde	+33 1 07 04 03 51	
60494	Joseph	Jacquet	Women	Français	51, avenue Hugues Lacombe 67 529 Da Costa-la-Forêt	Eure	02 38 26 85 29	schmitt.monique@example.fr
95822	Théodore	Ferrand	men	fr	6, chemin Mahe 05764 Bruneau-sur-Gilles	Manche		 
82504	Claudine	Lemoine	f	ENglish	98, chemin Patrick Berthelot 34 370 Gilletboeuf	Alpes-de-Haute-Provence	0852895229	.
15345	Marcelle	Devaux	w	German	12, avenue de Bouvier 20813 Guillou	Alpes-Haute-Provence		
76649	Lucie	Riviere	f	DE	608, boulevard Suzanne Laine 20749 Leroux	Alpes-de-Haute-Provence		 
77262	Claudine	Joly	m	ENglish	49, rue Evrard 55 163 Fischer	Guyane	08 43 17 59 04	-
73320	Éric	Lemoine	F	FR	84, boulevard Célina Coste 20 450 Pages-la-Forêt	Moselle		claude66@example.net
9547	Thibault	Robert	m	German	boulevard Turpin 62205 Dumont	93	+33 2 74 18 41 67	 
28838	Xavier	Perrier	female	German	15, avenue de Mallet 64345 Bernier-la-Forêt	Ardèche	05 31 67 09 61	.
80458	Alexandre	Ollivier	M	ENglish	63, rue Pauline Faivre 64 226 Rousseau	Corse	+33 8 75 01 56 22	.
34338	Pauline	Royer	Man	EN	13, boulevard François Giraud 53 325 Peron	Alpes Haute Provence	05 61 13 72 11	-
80098	Maggie	Texier	Male	french	11, avenue Jeannine Carlier 31194 MasseBourg	Eure		-
81295	Jacqueline	Gillet	Female	DE	36, avenue Launay 80 427 Marques	Guadeloupe	05 27 33 65 82	 
14825	Gabrielle	Lamy	female	Français	234, rue Marc Louis 54321 MullerBourg	Eure	+33 (0)6 71 51 22 90	marechal.chantal@example.net
89455	Marc	Ribeiro	Man	German	440, rue de Joseph 71328 Raymond-les-Bains	Puy de D^ome	+33 2 27 48 17 18	.
22652	Adélaïde	Bourdon	m	FR	57, chemin Margaret Lenoir 61363 Guillot-la-Forêt	Manche	02 94 76 27 33	 
53491	Simone	Pereira	Women	ENglish	258, rue Dorothée Barre 90682 Colin-sur-Toussaint	Corse		uweiss@example.net
49285	Édith	Boyer	Man	ENglish	rue Jacques Baron 74922 Bouvier	Ardèche	01 10 71 71 34	caroline19@example.fr
99320	Françoise	Gaudin	Man	fr	61, chemin Édith Delorme 15407 GuillotBourg	Maine et Loire	0400913773	.
89264	Lucas	Barbe	F	french	71, rue de Gregoire 78587 Fontaine	Lot-Et-Garonne		bouvet.etienne@example.net
34908	Louise	Thierry	women	french	8, chemin de Daniel 34 103 Joseph	Alpes-de-Haute-Provence	02 57 77 31 74	vribeiro@example.com
42072	Grégoire	Barbe	female	french	76, chemin Guerin 96061 Bourgeois	Alpes-Haute-Provence		-
49581	Olivier	Gauthier	w	ENglish	8, avenue Amélie Bouchet 28 174 Begue-sur-Devaux	Guyane		-
20531	Marthe	Pineau	Women	EN	boulevard Louise Charrier 81 243 Pierre	Orne	+33 (0)6 52 02 97 85	
50923	Patricia	Navarro	Man	ENglish	96, rue Élodie Roger 50040 Pineau	Lot-et-Garonne		-
17196	Josette	Carlier	Woman	ENglish	97, rue de Gros 40 606 Adam	Puy-de-DEme	+33 5 15 48 71 33	 
28144	Marc	Goncalves	Male	EN	74, boulevard Descamps 10209 Voisin	Puy de D^ome	03 63 09 65 04	-
30399	Jules	Breton	Woman	fr	4, avenue de Ferreira 31284 Giraud	Corrèze	+33 (0)1 00 99 00 14	-
7407	Adrienne	Delmas	Male	english	44, avenue Vaillant 64709 Gaudin-sur-Diaz	Charente	+33 (0)8 84 15 10 70	benjamin.maillot@example.fr
64931	Marcel	Delattre	men	ENglish	chemin Gilbert Clerc 35220 Fouquet	Corse	+33 (0)6 66 61 34 91	de oliveira.noemi@example.net
42962	Philippe	Le Goff	F	EN	39, boulevard Nicole Andre 95052 Blin-sur-Barbe	Alpes-Haute-Provence	+33 1 06 67 15 69	
48239	Constance	Camus	M	french	353, avenue Tanguy 11 153 Imbertdan	Voges	+33 (0)1 95 87 93 46	.
50589	Céline	Faure	Man	FR	12, rue de Bousquet 30 389 Brun	Alpes Haute Provence	0299905553	 
25980	Stéphanie	Joubert	Men	DE	44, rue Lebrun 64716 Bonnet	Alpes-Martitimes	03 86 22 78 38	 
6808	Brigitte	Descamps	Women	DE	avenue Joséphine Teixeira 01800 FerrandBourg	Gironde	+33 (0)2 98 76 98 88	.
49266	Jules	Begue	m	Français	rue de Petit 87 858 Jacquetboeuf	Voges		vlefort@example.net
61325	Guillaume	Blanchet	f	Français	rue de Seguin 55 620 Pruvost-sur-Poirier	Moselle		.
14559	Georges	Morin	Woman	fr	66, chemin Salmon 24470 Kleindan	vosges		-
17111	Isabelle	Rodrigues	Women	english	48, avenue Adèle Poulain 72 607 Duhamel-sur-Renaud	Maine et Loire	+33 (0)1 94 08 57 20	 
58629	Monique	Gerard	Man	EN	70, chemin Dupont 13869 Loiseau-sur-De Sousa	Charente	+33 6 27 82 78 44	henri.legrand@example.fr
81190	Marthe	Lambert	men	Français	73, boulevard Maillard 53 641 Hernandez-les-Bains	Vosges		 
58104	Timothée	Leger	Man	EN	55, avenue Nathalie Chretien 07 987 Laine-la-Forêt	93	+33 3 82 43 19 15	.
81444	Claude	Ribeiro	F	DE	876, chemin Gaudin 88 824 Marty	gironde	+33 1 08 90 65 58	.
98095	Émile	Denis	f	German	rue de Costa 15 384 Lefort	Ardèche	+33 (0)8 14 28 47 54	.
81290	Timothée	Girard	f	EN	4, avenue de Gay 99 705 Briand	Corse	05 08 75 89 35	 
41171	Lucas	Torres	w	EN	4, rue Clerc 12 708 Normand	Alpes-Martitimes	05 05 22 20 88	.
35771	Xavier	Rodriguez	F	english	65, rue Marques 87899 Leger	Alpes-de-Haute-Provence	06 40 55 84 16	
6930	Denis	Dumas	Man	french	6, boulevard Thibault 96 616 Marin-sur-Cousin	Lot-et-Garonne		.
59969	Monique	Cohen	women	fr	rue Henriette Hamon 97 935 Humbertboeuf	Gyronde	+33 (0)1 99 53 00 32	 
87698	Paul	Roger	M	fr	9, boulevard Richard 25 473 Pons-sur-Mer	Lot et Garonne		-
36006	Timothée	Guillon	w	DE	21, avenue Gabrielle Adam 09 406 Munoz-sur-Mer	Ardèche	+33 (0)8 51 45 98 35	.
61257	Noël	Legrand	Men	english	46, rue Valérie Colas 44166 Gauthier	Guadeloupe		-
23349	Franck	Adam	men	Français	rue Leclercq 30176 Morinnec	Voges	0416857270	-
7561	Julien	Cohen	Man	french	94, chemin Goncalves 25 103 Noelboeuf	Lot-et-Garonne		.
62762	Pénélope	Pinto	w	FR	93, chemin de Poulain 84119 Legendre-sur-Martel	Corse	08 46 15 22 91	wgilles@example.com
79590	Louise	Traore	m	Français	9, avenue de Laine 90 361 Barbe	Alpes Haute Provence	+33 4 04 08 43 75	 
5672	Émile	Gillet	m	fr	92, rue de Charles 26552 DenisBourg	Puy de D^ome		xdidier@example.fr
85849	Élodie	Roger	Male	DE	boulevard de Perrin 43704 Petit	Maine et Loire	+33 (0)6 77 12 74 31	.
6	Diane	Hoarau	men	french	84, avenue de Hebert 84 710 Perrot	Voges	+33 3 09 12 14 65	
63240	Christelle	Noel	Women	DE	66, chemin de Dos Santos 23 371 Lejeune	Seine-Saint-Denis	+33 (0)6 90 26 27 91	michel.lebrun@example.net
56015	Noémi	Allain	Women	ENglish	76, rue Maryse Peltier 48907 Pereira	Lot-Et-Garonne	04 98 88 96 95	.
42579	Alice	Rodriguez	f	fr	avenue Odette Gallet 92104 Besson-sur-Blin	Vosge	08 39 27 66 37	vidal.penelope@example.fr
46920	Aimée	Masse	F	english	1, rue de Mace 58859 Bousquetnec	Alpes Haute Provence		
64699	Nathalie	Paris	m	German	50, avenue Dufour 96 386 Colas-la-Forêt	Lot et Garonne	0192364691	
87691	Inès	Pruvost	M	fr	rue Blanchard 27 887 Marin	Alpes-Haute-Provence	0554698416	.
92185	Diane	Raymond	Man	German	6, chemin de Lemonnier 03835 Lenoir	93	0132054653	
9820	Matthieu	Marques	m	German	881, chemin Simon 99 427 Lainedan	Ardèche	06 13 26 55 42	 
95494	Laure	Besson	women	ENglish	82, avenue Jacques 48 779 Dupre-la-Forêt	vosges		
64433	Philippe	Martel	M	Français	chemin Marguerite Marques 49352 Andre-sur-Mer	Orne	0487568437	waubry@example.com
235	Alfred	Turpin	Man	ENglish	279, avenue Daniel 45653 Martins-sur-Mer	Lot-Et-Garonne	08 66 72 46 62	 
89463	Jean	Pereira	Man	fr	206, boulevard Étienne Thomas 31 477 Bonnin	Puy de D^ome	04 75 86 31 89	 
74227	Gilles	Joubert	f	DE	96, boulevard Édith Leclercq 22 481 Allard	Eure	04 28 93 31 84	 
71853	Aimée	Gay	women	German	8, avenue Aimée Lebrun 99617 Boucher	Gyronde	+33 (0)8 59 70 47 16	charrier.christine@example.com
47207	Alix	Bazin	Men	DE	79, chemin de Robert 06169 Vallee	Alpes Haute Provence	0105050346	
91818	Amélie	Morin	female	french	92, avenue Jeannine Simon 67311 Diazdan	Gyronde	05 78 35 73 12	 
85438	Inès	Marin	Women	German	206, avenue Bouvet 29 172 Guillaume	Alpes Haute Provence	+33 (0)1 82 33 29 04	
37368	Louise	Maillet	Men	fr	3, avenue Sophie Millet 52077 Dumont-la-Forêt	Alpes-Haute-Provence		-
96115	Émilie	Moulin	Men	ENglish	chemin Dorothée Lacroix 87721 Lefevre	Maine et Loire	+33 (0)6 56 02 23 66	-
61758	Louis	Launay	Men	German	6, boulevard de Joubert 02 803 Dos Santos	Alpes-Martitimes		.
49784	Patrick	Dupuy	f	FR	277, rue de Pons 78444 Blanchard-les-Bains	Alpes-de-Haute-Provence	02 62 59 86 00	 
28356	Aimé	Pinto	Male	EN	6, rue Dubois 28635 Gregoire-sur-Garcia	Vosges		
59163	Emmanuelle	Delahaye	Man	english	18, boulevard Ruiz 29736 Maury-sur-Payet	Guadeloupe	01 47 68 38 49	aimee52@example.fr
71002	Victor	Hoarau	women	ENglish	avenue de Chevallier 07 280 Pierre	Lot-Et-Garonne	+33 5 87 87 67 18	carre.margaux@example.com
90563	Diane	Schmitt	Women	english	8, chemin Antoine Perrier 33 540 Merle	Moselle		fblanchard@example.com
58986	Jean	Deschamps	Woman	German	19, rue Hugues Fontaine 32 490 HebertVille	Puy-de-DEme		oallard@example.net
89361	Henriette	Jourdan	Man	FR	342, rue Paul Dupont 30 657 Benard	Vosges	0368709432	
1723	Marthe	Martineau	Woman	english	92, rue de Carlier 19 053 LemonnierBourg	Puy de DômePuy-De-Dome	+33 3 50 66 74 59	vtexier@example.fr
44578	Marguerite	Martel	Man	German	19, rue Roland Navarro 38401 Labbe-sur-Garnier	Guyane		
91999	Victor	Da Silva	Male	fr	83, rue Boulay 31 760 HamelVille	Puy de D^ome	+33 2 39 78 82 78	 
69399	Alain	Alexandre	Male	DE	8, rue Colin 77 357 Etienne-les-Bains	Eure	08 95 76 99 08	remy22@example.net
16240	Danielle	Buisson	women	fr	avenue Morvan 89955 GayVille	Corrèze		-
36075	Laetitia	Delorme	men	english	66, rue de Robert 24913 Menard	Seine-Saint-Denis	+33 (0)1 35 55 06 90	
16420	Léon	Hoarau	Man	fr	80, boulevard de Maury 89974 Delattre	gironde	+33 (0)4 57 90 62 68	 
8085	Capucine	Julien	Female	ENglish	26, boulevard de De Sousa 01081 Grondinnec	Guadeloupe	+33 3 38 21 90 36	-
64903	Benoît	Pons	Women	FR	52, rue Patricia Renault 03402 Julien	Maine-et-Loire		.
78602	Élisabeth	Charles	w	Français	avenue de Lambert 43 274 Girardnec	vosges		.
96174	Chantal	Germain	f	french	814, rue Perrot 30 922 Marin	Seine-et-Loire	0578477603	emile22@example.fr
65278	Antoine	Delorme	Female	German	17, chemin Alain Devaux 33 781 Garnier	Voges	+33 (0)1 28 70 38 62	 
87213	Charles	Remy	Men	Français	693, rue Tessier 98 923 Regnierboeuf	93		
8616	Isabelle	Cousin	Man	EN	chemin Emmanuelle Rousset 99016 Riou-les-Bains	Corse	0278801991	francois.rossi@example.com
27002	Auguste	Pasquier	Women	fr	349, chemin Laine 91292 Charles	gironde	01 24 59 30 33	.
56701	Martin	Guillot	Male	Français	rue Sylvie Dupont 88578 Turpin	gironde		dijoux.christophe@example.fr
78772	Adrienne	Torres	women	German	51, rue Leclerc 38303 Salmon	Vosge	05 29 19 63 94	 
6789	Daniel	Andre	Woman	EN	70, avenue Bertin 36775 Martin	Charente	0463957897	-
27810	Théodore	Delannoy	f	DE	21, rue Corinne Pons 23 030 Durand-sur-Monnier	Manche	+33 2 17 52 48 75	-
62389	Étienne	Bonnet	Women	english	9, avenue Alphonse Foucher 85831 Renard	Guadeloupe	0559355947	.
7970	Théophile	Neveu	women	German	49, boulevard de Petit 47 269 Jourdan	Alpes-Haute-Provence	0371530172	
20681	Adrienne	Renaud	men	German	chemin Alex Hamon 28219 Bodin	Maine et Loire	+33 (0)5 86 23 68 22	jean35@example.com
42904	Martine	Jacquot	M	french	boulevard Delmas 07658 Lombard-sur-Paul	gironde	+33 5 76 65 24 43	
50652	Laure	Chevalier	m	German	rue Noémi Barbe 85733 Wagnerdan	Puy de DômePuy-De-Dome		
52372	Rémy	Blanchet	F	fr	30, avenue de Roger 60 293 Valentin-les-Bains	Guadeloupe		
79700	Manon	Boyer	F	DE	893, boulevard Voisin 88355 Denis	Martinique	06 14 01 32 23	-
52475	Emmanuelle	Fleury	Male	Français	9, rue de Ribeiro 80 165 Faure-les-Bains	Guadeloupe	0101180445	 
80275	Joséphine	Gautier	Man	fr	15, avenue Rousseau 08 834 Joly	Martinique		.
62244	Denise	Diaz	Man	french	3, rue de Durand 02293 Rey-sur-Daniel	Vosges	+33 8 32 24 65 04	.
48252	Franck	Guyon	men	German	6, avenue Moulin 19842 Pelletier	Lot-et-Garonne	+33 1 81 03 53 43	-
69769	Théophile	Adam	Male	Français	avenue Agathe Gomez 57256 Mendes	Manche		 
77852	Manon	Hubert	Man	french	9, rue Alexandre 54714 Reynaud-sur-Mer	Lot et Garonne	0356177667	.
44707	Dominique	Caron	f	ENglish	8, chemin de Mercier 60788 Gimenez	Moselle	+33 (0)1 77 72 05 70	alexandria76@example.fr
64646	Bernard	Berthelot	f	German	13, chemin Léon Imbert 42794 Rousseau	gironde	+33 1 61 34 28 02	 
45478	Théophile	Lemonnier	Male	Français	83, rue Susanne Lefebvre 74 997 Fontaineboeuf	vosges	+33 1 10 40 48 89	.
83566	Philippe	Delorme	Man	french	87, chemin André Maillard 09176 Dufourdan	Alpes-de-Haute-Provence	0244290128	maurice.marguerite@example.net
48485	Maurice	Deschamps	m	english	930, rue de Muller 18 511 Gonzalez	Puy-de-DEme		.
44773	Valentine	Lemaitre	men	french	52, chemin Marc Collet 28 966 Toussaint	Lot-Et-Garonne	+33 (0)6 61 00 89 94	nfleury@example.fr
4671	Benoît	Delattre	Women	ENglish	16, chemin de Perrot 83565 HebertBourg	Orne	0461254667	stephane.samson@example.com
7408	Émile	Gaillard	Woman	German	boulevard Joseph Guilbert 31 132 Blondel	Tarn		valentin.michel@example.fr
97918	Corinne	Pires	men	EN	9, chemin Carre 36 300 RobinVille	Alpes Haute Provence	+33 2 42 25 03 99	benard.luce@example.net
13984	Valentine	Lemaire	M	FR	99, rue Thibault Langlois 02811 Lefebvre-les-Bains	Manche	+33 5 35 10 32 29	-
26781	Christophe	Joseph	f	french	60, rue de Lacombe 42058 Dupont-sur-Caron	Ardèche	06 00 05 64 26	 
97132	Astrid	Lefevre	F	EN	74, avenue Weber 13118 Bouvier	Alpes-Martitimes	+33 8 42 01 10 04	-
30366	Alexandre	Raynaud	female	Français	58, chemin de Blondel 62205 Hoaraudan	Lot-Et-Garonne		-
23405	Zacharie	Cordier	w	english	93, rue de Joly 69084 Collin	Puy de D^ome		louise65@example.fr
95406	Marie	Girard	w	english	34, chemin Eugène Alexandre 99 413 Marchal	Alpes-Maritimes	+33 4 07 98 38 97	-
54682	Émilie	Lebon	Female	EN	25, chemin Xavier Hoareau 67 376 Diallo-la-Forêt	Maine et Loire	0664731619	 
88788	Jules	Guyot	female	french	rue de Alexandre 18085 Weiss	Puy-de-DEme		
75010	Laetitia	Perez	Man	Français	7, chemin Bazin 60 084 Gosselin-sur-Daniel	Pas-de-Calais		cdeschamps@example.fr
33908	Alexandria	Barthelemy	Female	EN	33, boulevard de Duval 43 851 Raymond	Moselle	+33 (0)4 36 92 51 09	.
42996	Maggie	Descamps	Male	french	67, rue de Gonzalez 05 412 Lebon	Eure		
88228	Noémi	Bazin	Men	DE	59, boulevard Marthe Gillet 60084 Sanchez	gironde	06 99 26 91 98	ndiaz@example.fr
42220	Pénélope	Blanc	Female	french	376, chemin de Chauvet 38 432 Bonnindan	Gyronde	+33 1 73 44 03 07	 
31835	Olivie	Bigot	F	EN	9, rue de Perrier 20276 DiazBourg	Eure	0170624206	 
70961	Robert	Laporte	Men	fr	44, rue de Lemaitre 52405 Le Goff-sur-Masson	Alpes-Martitimes	+33 5 07 75 75 02	.
72630	Margaret	Morel	Men	french	42, rue Blanc 33 624 Le Gall	Martinique		 
53331	Tristan	Guichard	Man	DE	103, avenue de Torres 41635 Leclercdan	Alpes-Haute-Provence	0318726662	-
30650	Michelle	Mendes	Women	EN	326, avenue Courtois 02 580 Mendes-la-Forêt	Pas-de-Calais	0317728446	andre40@example.fr
13651	Nath	Blin	Men	FR	avenue de Gauthier 05 799 Legros-sur-Richard	Vosge	01 90 12 60 21	
77965	Auguste	Lefebvre	M	German	54, rue Gomes 10 031 Gomes-sur-Berger	Voges		mallet.christiane@example.net
43881	Aurélie	Gay	Men	fr	25, avenue Agnès Dumont 56 937 Raynaud-sur-Mer	Orne	04 32 64 55 98	-
40156	Gilles	Camus	f	fr	91, avenue Gautier 30929 MartinezBourg	Seine-Saint-Denis	04 46 06 90 90	
31153	Christiane	Tanguy	Male	German	61, chemin Guillon 89463 ThomasBourg	Gironde		.
4017	Philippine	Texier	Man	EN	82, avenue Thibaut Guillou 39 263 Sauvage-sur-Lambert	Voges		-
4790	Paulette	Gonzalez	female	German	38, rue de Leroux 35112 Carpentierdan	Guadeloupe	08 38 16 55 02	.
41342	Adélaïde	Moreno	Female	french	21, chemin Matthieu Legendre 21 288 Gautiernec	Alpes-Maritimes	06 00 56 22 10	-
78102	Arthur	Gay	Woman	ENglish	57, rue Adrienne Colas 31 702 Laporte-les-Bains	Alpes-Haute-Provence		 
48681	Alice	Rodriguez	Male	German	8, rue de Bonneau 87 289 Paulboeuf	Lot et Garonne	0459930116	-
3185	Christine	Briand	m	ENglish	323, boulevard Gonzalez 88902 Lombard-sur-Mer	Guyane	0842566149	
30862	Corinne	Dupuis	f	EN	68, avenue de Pasquier 81393 Martel	Maine et Loire	01 28 47 29 34	
8917	Caroline	Chevalier	Men	Français	50, avenue Michelle Marques 83 760 Carre-sur-Renault	vosges	+33 (0)1 80 32 53 93	pineau.arthur@example.fr
